First_Name,Last_Name,Company_Name,Address,City,Country,Postal,Phone_1,Email
Aleshia,Tomkiewicz,Alan D Rosenburg Cpa Pc,14 Taylor St,St. Stephens Ward,Kent,CT2 7PP,01835-703597,atomkiewicz@hotmail.com
Evan,Zigomalas,Cap Gemini America,5 Binney St,Abbey Ward,Buckinghamshire,HP11 2AX,01937-864715,evan.zigomalas@gmail.com
France,Andrade,"Elliott, John W Esq",8 Moor Place,East Southbourne and Tuckton W,Bournemouth,BH6 3BE,01347-368222,france.andrade@hotmail.com
Ulysses,Mcwalters,"Mcmahan, Ben L",505 Exeter Rd,Hawerby cum Beesby,Lincolnshire,DN36 5RP,01912-771311,ulysses@hotmail.com
Tyisha,Veness,Champagne Room,5396 Forth Street,Greets Green and Lyng Ward,West Midlands,B70 9DT,01547-429341,tyisha.veness@hotmail.com
Eric,Rampy,"Thompson, Michael C Esq",9472 Lind St,Desborough,Northamptonshire,NN14 2GH,01969-886290,erampy@rampy.co.uk
Marg,Grasmick,Wrangle Hill Auto Auct & Slvg,7457 Cowl St #70,Bargate Ward,Southampton,SO14 3TY,01865-582516,marg@hotmail.com
Laquita,Hisaw,In Communications Inc,20 Gloucester Pl #96,Chirton Ward,Tyne & Wear,NE29 7AD,01746-394243,laquita@yahoo.com
Lura,Manzella,Bizerba Usa Inc,929 Augustine St,Staple Hill Ward,South Gloucestershire,BS16 4LL,01907-538509,lura@hotmail.com
Yuette,Klapec,Max Video,45 Bradfield St #166,Parwich,Derbyshire,DE6 1QN,01903-649460,yuette.klapec@klapec.co.uk
Fernanda,Writer,K & R Associates Inc,620 Northampton St,Wilmington,Kent,DA2 7PP,01630-202053,fernanda@writer.co.uk
Charlesetta,Erm,"Cain, John M Esq",5 Hygeia St,Loundsley Green Ward,Derbyshire,S40 4LY,01276-816806,charlesetta_erm@gmail.com
Corrinne,Jaret,Sound Vision Corp,2150 Morley St,Dee Ward,Dumfries and Galloway,DG8 7DE,01625-932209,corrinne_jaret@gmail.com
Niesha,Bruch,Rowley/hansell Petetin,24 Bolton St,"Broxburn, Uphall and Winchburg",West Lothian,EH52 5TL,01874-856950,niesha.bruch@yahoo.com
Rueben,Gastellum,Industrial Engineering Assocs,4 Forrest St,Weston-Super-Mare,North Somerset,BS23 3HG,01976-755279,rueben_gastellum@gastellum.co.uk
Michell,Throssell,Weiss Spirt & Guyer,89 Noon St,Carbrooke,Norfolk,IP25 6JQ,01967-580851,mthrossell@throssell.co.uk
Edgar,Kanne,"Crowan, Kenneth W Esq",99 Guthrie St,New Milton,Hampshire,BH25 5DF,01326-532337,edgar.kanne@yahoo.com
Dewitt,Julio,Rittenhouse Motor Co,7 Richmond St,Parkham,Devon,EX39 5DJ,01253-528327,dewitt.julio@hotmail.com
Charisse,Spinello,Modern Plastics Corp,9165 Primrose St,Darnall Ward,"Yorkshire, South",S4 7WN,01719-831436,charisse_spinello@spinello.co.uk
Mee,Lapinski,Galloway Electric Co Inc,9 Pengwern St,Marldon,Devon,TQ3 1SA,01578-287816,mee.lapinski@yahoo.com
Peter,Gutierres,Niagara Custombuilt Mfg Co,4410 Tarlton St,Prestatyn Community,Denbighshire,LL19 9EG,01842-767201,peter_gutierres@yahoo.com
Octavio,Salvadore,Practical Periphrals,6949 Bourne St,Lye and Stourbridge North Ward,West Midlands,DY5 2QP,01552-709248,octavio.salvadore@yahoo.com
Martha,Teplica,"Curtin, Patricia M Esq",148 Rembrandt St,Warlingham,Surrey,CR6 9SW,01677-684257,mteplica@teplica.co.uk
Tamesha,Veigel,"Wilhelm, James E Jr",2200 Nelson St #58,Newport,Isle of Wight,PO30 5AL,01217-342071,tveigel@veigel.co.uk
Tess,Sitra,Smart Signs,61 Rossett St,Chichester,West Sussex,PO19 1RH,01473-229124,tess_sitra@hotmail.com
Leonard,Kufner,Arctic Star Distributing Inc,41 Canning St,Steornabhagh a Deas Ward,Western Isles,HS1 2PZ,01230-623547,lkufner@kufner.co.uk
Svetlana,Tauras,"Lensbower, Gregory L Esq",8289 Cadogan St,South Ward,North Eart Lincolnshire,DN33 1AU,01781-827317,svetlana_tauras@tauras.co.uk
Pok,Molaison,Portal Metal Products,211 Hobart St,Newquay,Cornwall,TR7 1LS,01866-248660,pok@yahoo.com
Augustine,Growcock,"Lynema, Cliff Cpa",114 Falkland St #8845,Brimpton,Berkshire,RG7 4RF,01541-802635,augustine.growcock@growcock.co.uk
Karma,Quarto,J C S Machinery,1 Birkett St,Shard End Ward,West Midlands,B33 0NH,01857-864722,kquarto@gmail.com
Reed,Weisinger,"Berick, Joseph G Esq",5147 Blackstone St,Letchworth South West Ward,Hertfordshire,SG6 3LE,01243-678286,reed_weisinger@yahoo.com
German,Zelaya,Jackson & Heit Machine Co Inc,7 Shenstone St,Longhill Ward,"Yorkshire, East (North Humbers",HU8 9PZ,01400-269033,german@hotmail.com
Milly,Savidge,Bridgeway Plan For Health,129 Alexander Pope St,Franche Ward,Hereford and Worcester,DY11 9BW,01702-725589,milly@gmail.com
Luis,Ear,Wa Inst For Plcy Studies,2 Birchfield Rd,Whittington,Shropshire,SY11 4PH,01462-648669,luis@hotmail.com
Ciara,Cobbley,Wmgl 101.7 Fm,7523 Kempton Rd,Cockerton West Ward,Darlington,DL3 0JF,01235-647932,ciara_cobbley@hotmail.com
Alethea,Mould,"Hughlett, Henry T Jr",6305 Elstow St,Castle Ward,West Sussex,BN12 6PR,01662-114247,alethea@hotmail.com
Margurite,Loperfido,Penrose Place Pharmacy Inc,218 Greenbank Drive,Devizes,Wiltshire,SN10 3DU,01407-866759,mloperfido@gmail.com
Vernice,Sperazza,"Novak, Alan Paul Esq",8921 Forge St,Colnbrook with Poyle,Buckinghamshire,SL3 0PY,01822-563044,vernice@yahoo.com
Vicente,Rawicki,B & S Tool And Cutter Svc Inc,3060 St Ambrose Grove #261,Aldridge Central and South War,West Midlands,WS9 8UR,01327-770774,vicente_rawicki@hotmail.com
Craig,Cua,"Berry, John M Esq",8388 Bessemer St #5,East Putney Ward,Greater London,SW15 2RP,01483-418969,craig@hotmail.com
Jenise,Dulle,"Alden, Michael H Esq",87 Pownall Sq,Sawston,Cambridgeshire,CB22 3BB,01709-854691,jenise.dulle@hotmail.com
Marylin,Cornelison,Ernest E Heuer & Company Pc,39 Wye St,Wakefield North Ward,West Yorkshire,WF1 1DR,01609-882184,marylin_cornelison@yahoo.com
Marget,Gunst,"Frankel, Stephen",2732 Bostock St #1,St. Enoder,Cornwall,TR9 6NJ,01693-310794,mgunst@yahoo.com
Annett,Bunselmeyer,Guynes Design Inc,5562 Fairfield St #847,Ryde,Isle of Wight,PO33 1HH,01891-702579,abunselmeyer@hotmail.com
Kip,Turziano,General Appraisal Co,37 Meadow St,Laindon Park Ward,Essex,SS15 6LE,01850-347846,kip.turziano@yahoo.com
Melina,Orizabal,Sheraton Inn Ocean Front,3 Nevison St,Lymington and Pennington,Hampshire,SO41 1DL,01420-307327,melina@gmail.com
Tina,Clapham,Cooper Myers Y Co,5662 William Moult St,Aylesbury,Buckinghamshire,HP21 8PP,01567-296442,rclasham@gmail.com
Luisa,Devereux,Cash 4 Checks,3 North View #35,Burmantofts and Richmond Hill ,West Yorkshire,LS9 7JH,01607-269930,ldevereux@gmail.com
Pedro,Aschoff,Charlotte Chamber,135 Opie St,Howard Town Ward,Derbyshire,SK13 8BB,01386-981141,paschoff@yahoo.com
Carrol,Kunimitsu,Kisc 98 Kiss Fm,1 Askew St,Farnham,Surrey,GU9 9AS,01260-641258,carrol_kunimitsu@yahoo.com
